{
  "tempo": -1.0000000000000027,
  "top_flat": 15.754716981132155,
  "standing": 20.0,
  "capstone": 30.0,
  "center": -1.5471698113208685,
  "stack_captive": -2.2385370138129293e-16,
  "cap_mobility": 1.0,
  "road_potential": -14.245283018867973,
  "flat_control": -0.49056603773582946
}